title,description,extract,lang,page_url,source_category
Ahmed Abukhater,Palestinian American architect,"Ahmed Abukhater is an architect, environmental scientist, and an urban and regional planner by trade. He is an author, powerlifter, and the first athlete to represent Palestine at the World Association of Bench Pressers and Dead lifters (WABDL) World Powerlifting Championships in Las Vegas, Nevada, in 2006.",en,https://en.wikipedia.org/wiki/Ahmed_Abukhater,American powerlifters
Alan Aerts,World powerlifting and benchpress champion (born 1956),"Alan Aerts was a world powerlifting and benchpress champion. Born May 6, 1956, he died unexpectedly on August 23, 2023. Aerts had polycythemia, a fatal blood disease; however, this was not his cause of death. He was also the former owner and operator of the largest vending machine business in the San Jose, California area, Custom Vending Systems. Aerts served on the city council of Monte Sereno, C",en,https://en.wikipedia.org/wiki/Alan_Aerts,American powerlifters
Paul Anderson (weightlifter),American weightlifter (1932–1994),"Paul Edward Anderson was an American weightlifter, professional wrestler, powerlifter and strongman. During the 1950s, he was an Olympic gold medalist, a world champion, and a two-time national Olympic weightlifting champion.",en,https://en.wikipedia.org/wiki/Paul_Anderson_(weightlifter),American powerlifters
Ted Arcidi,"American professional wrestler, model, actor, powerlifter","Theodore (Ted) Arcidi is an American former professional wrestler, actor, and powerlifter. He is known to be the first man in history to bench press over 700 pounds in competition, establishing an official world record.",en,https://en.wikipedia.org/wiki/Ted_Arcidi,American powerlifters
Taylor Atwood,American powerlifter,Taylor Atwood is an American powerlifter. He is a 3-time IPF World Champion and has held multiple world records in the 74 kilogram weight class.,en,https://en.wikipedia.org/wiki/Taylor_Atwood,American powerlifters
Nick Best,American strength athlete,Nick Best is an American strongman and powerlifter.,en,https://en.wikipedia.org/wiki/Nick_Best,American powerlifters
Bobby Body,American paralympic powerlifter (born 1974),"Bobby Body is an American paralympic powerlifter. He is a medalist at the World Championships and Parapan American Games. He also competed at the 2024 Summer Paralympics, where he finished in fourth place. Prior to his powerlifting career, he was in the United States Marine Corps and in the United States Army.",en,https://en.wikipedia.org/wiki/Bobby_Body,American powerlifters
Bonica Brown,American powerlifter,"Bonica Brown is an American powerlifter competing in the IPF. She is a World Games champion, a 4-time Equipped World Champion, a 2-time Sub-Junior Equipped World Champion, and a 7-time Classic World Champion, and she has held multiple world records in each division.",en,https://en.wikipedia.org/wiki/Bonica_Brown,American powerlifters
Hugh Cassidy,American 1971 world champion powerlifter,"Truman Hugh Cassidy, better known as Hugh Cassidy, is an American metal sculptor, jazz musician, and former powerlifter who competed in powerlifting just prior to the formation of the International Powerlifting Federation (IPF). In 1971, he became U.S. National Powerlifting Champion as well as World Powerlifting Champion at the inaugural Amateur Athletic Union (AAU) World Championships, defeating ",en,https://en.wikipedia.org/wiki/Hugh_Cassidy,American powerlifters
Paul Childress,American powerlifter,Paul Childress was an American powerlifter. He holds the World Powerlifting Organization (WPO) world record in the 308 lb. weight class with a squat of 1147.5 lb. and has the third best total in the world with 2662.1 lb. He was a major part of the fitness industry for over 25 years.,en,https://en.wikipedia.org/wiki/Paul_Childress,American powerlifters
Anthony Clark (powerlifter),Filipino-American power lifter,"Anthony Wayne Clark was an American powerlifter, holder of the world record for the reverse-grip bench press and member of the York Barbell Hall of Fame.",en,https://en.wikipedia.org/wiki/Anthony_Clark_(powerlifter),American powerlifters
Ed Coan,American powerlifter (born 1963),"Edward Ignatius ""Ed"" Coan is an American powerlifter. With multiple world championships and 71 world records he is widely regarded throughout the powerlifting world as the greatest powerlifter of all time.",en,https://en.wikipedia.org/wiki/Ed_Coan,American powerlifters
Lauren Cohen,American financial economist,Lauren Harry Cohen is an American financial economist who is the L.E. Simmons Professor in the Finance & Entrepreneurial Management Units at Harvard University's Business School. He was a nationally ranked powerlifting champion. He was previously an assistant professor at Yale University's School of Management.,en,https://en.wikipedia.org/wiki/Lauren_Cohen,American powerlifters
Jon Cole (weightlifter),American Olympic athlete (1943–2013),"Jon Frederic Cole  was a discus thrower, powerlifter, Olympic weightlifter and strongman from the United States. He is widely regarded as one of the most versatile strength athletes of all time.",en,https://en.wikipedia.org/wiki/Jon_Cole_(weightlifter),American powerlifters
Harold Collins (strongman),,"Harold ""Iron Bear"" Collins is a former professional strongman and world champion Powerlifter. Collins is a member of the Tuskarora Nation of Moratoc Indians, and earned the title, ""World's Strongest Native American.""",en,https://en.wikipedia.org/wiki/Harold_Collins_(strongman),American powerlifters
Heather Connor,American powerlifter,"Heather Connor is an American powerlifter, competing in the 47 kilogram weight class. She is a 3-time IPF world champion and a 7-time national champion.",en,https://en.wikipedia.org/wiki/Heather_Connor,American powerlifters
JayCee Cooper,American transgender powerlifter,"JayCee Cooper is an American transgender powerlifter and LGBTQ+ advocate. She gained national attention for her legal challenge against USA Powerlifting, after it barred her from competing in the women's division due to her gender identity.",en,https://en.wikipedia.org/wiki/JayCee_Cooper,American powerlifters
Scott Danberg,American Paralympic athlete (born 1962),"Scott Danberg is a Paralympic athlete from Florida in the United States competing in F40 events. Danberg has appeared in five Paralympics representing America in track and field, swimming and powerlifting.",en,https://en.wikipedia.org/wiki/Scott_Danberg,American powerlifters
Connor Dantzler,American former AAU athlete,"Connor Dantzler is an American former youth amateur athlete from Damascus, Maryland. In 2000, at the age of six, under the training of his father Mark Dantzler, he won his first junior national title in his age bracket. By 2012, Dantzler had won US national championship titles in judo, jujitsu, and powerlifting and earned awards as an AAU All-America and Athlete of the Year.",en,https://en.wikipedia.org/wiki/Connor_Dantzler,American powerlifters
Steve DiSalvo,American professional wrestler (born 1949),Stephen DiSalvo is an American retired professional wrestler.,en,https://en.wikipedia.org/wiki/Steve_DiSalvo,American powerlifters
Ric Drasin,American bodybuilder (1944–2020),"Richard Alan Drasin was an American bodybuilder, personal trainer, actor, stuntman, author, and professional wrestler. He wrestled professionally and sporadically between 1965 and 2001, while also winning titles in amateur bodybuilding contests during his younger years. Drasin is also known for having designed both the original Gold's Gym logo — a cartoon sketch of a bald weightlifter — and the Wo",en,https://en.wikipedia.org/wiki/Ric_Drasin,American powerlifters
Big E (wrestler),American professional wrestler (born 1986),"Ettore Ewen, known professionally under the ring name Big E, is an American broadcaster, retired professional wrestler and former powerlifter. He is signed to WWE, where he primarily appears as a panelist and analysist as well as a media spokesperson for the company. He is best known for performing in the company as an in-ring competitor from 2009 to 2022, as well as being a member of the New Day ",en,https://en.wikipedia.org/wiki/Big_E_(wrestler),American powerlifters
Stan Efferding,American bodybuilder (born 1967),"Stan ""The White Rhino"" Efferding is an American IFBB professional bodybuilder and a powerlifter competing in the Southern Powerlifting Federation (SPF). He held the all-time raw world powerlifting records in the 275-pound-class in the Total without knee wraps and in the Squat without knee wraps (854 lbs). Due to his enormous physical strength, regularly competing in professional powerlifting conte",en,https://en.wikipedia.org/wiki/Stan_Efferding,American powerlifters
C. T. Fletcher,American powerlifter,"C. T. Ali Fletcher is an American vlogger, media personality, actor, personal trainer, and former powerlifter and bodybuilder. He is a three-time World Bench Press Champion and three-time World Strict Curl Champion.",en,https://en.wikipedia.org/wiki/C._T._Fletcher,American powerlifters
George Frenn,American hammer thrower and weight thrower,"George Michael Frenn was an American hammer thrower, weight thrower and powerlifter. Frenn set world bests in the outdoor and indoor weight throws, won two medals in the Pan American Games and competed in the 1972 Summer Olympics.",en,https://en.wikipedia.org/wiki/George_Frenn,American powerlifters
Doug Furnas,"American professional wrestler, powerlifter (1959-2012)","Dwight Douglas Furnas was an American professional wrestler and powerlifter. He was an APF National and World Powerlifting Champion, who set multiple world records in the 275 pounds (125 kg) weight class. As a wrestler, Furnas worked for, among other promotions, American majors World Championship Wrestling (WCW), Extreme Championship Wrestling (ECW), and World Wrestling Federation (WWF) best known",en,https://en.wikipedia.org/wiki/Doug_Furnas,American powerlifters
John Gamble (American football),American powerlifter,"John Gamble is a former world champion powerlifter and strongman competitor from Richmond, Virginia.",en,https://en.wikipedia.org/wiki/John_Gamble_(American_football),American powerlifters
Lamar Gant,American powerlifter,Lamar Gant is an American former powerlifter. He competed with idiopathic scoliosis. He was inducted into the International Powerlifting Federation Hall of Fame in 1980.,en,https://en.wikipedia.org/wiki/Lamar_Gant,American powerlifters
Brad Gillingham,American strength athlete,"Brad Gillingham is an American world champion powerlifter and strongman competitor from Minnesota, United States.",en,https://en.wikipedia.org/wiki/Brad_Gillingham,American powerlifters
Karl Gillingham,American strongman and powerlifter,Karl Gillingham is an American professional strongman and powerlifter.,en,https://en.wikipedia.org/wiki/Karl_Gillingham,American powerlifters
Dan Green (powerlifter),American powerlifter,"Dan Green is an elite American powerlifter and owner of both Boss Barbell Club and Mountain View Fitness in Mountain View, California. His best competition lifts in the 242 lb (110 kg) weight class are an 848 lb (385 kg) squat, a 530 lb (240 kg) bench press, and an 837.5 lb (380 kg) deadlift. His best powerlifting meet total at 242 lbs is 2210 lb (1002.5 kg). His best competition lifts in the 220 ",en,https://en.wikipedia.org/wiki/Dan_Green_(powerlifter),American powerlifters
Billy Gunn,American professional wrestler,"Monty Kip Sopp, better known by his ring name Billy Gunn, is an American professional wrestler. He is signed to All Elite Wrestling (AEW), where he also performs under the ring name Daddy Ass and is a coach as well as an occasional in-ring talent. He was a member of The Acclaimed as a manager and the team's six-man tag team partner. He is also signed to WWE under a Legends contract.",en,https://en.wikipedia.org/wiki/Billy_Gunn,American powerlifters
John Haack,American powerlifter,John Haack is an American powerlifter. Haack is often considered one of the greatest pound-for-pound powerlifters of all time as well as one of the greatest powerlifters of the modern age.,en,https://en.wikipedia.org/wiki/John_Haack,American powerlifters
Mike Hall (powerlifter),American powerlifter,"Michael Hall is a retired American powerlifter, who is perhaps best known for being a pioneer of the drug-free movement in powerlifting. Hall is considered the first African American Super Heavyweight powerlifter to win a World Powerlifting Championship.",en,https://en.wikipedia.org/wiki/Mike_Hall_(powerlifter),American powerlifters
Shane Hamman,American weightlifter (born 1972),Shane Hamman is an American Olympic weightlifter and powerlifter.,en,https://en.wikipedia.org/wiki/Shane_Hamman,American powerlifters
Frederick Hatfield,American powerlifter,"Frederick C. Hatfield, nicknamed Dr. Squat, was an American world champion powerlifter and PhD holder in sports sciences. He was also the co-founder and president of the International Sports Sciences Association, an organization of fitness experts which certifies personal fitness trainers from around the world. He went on to make the ICOPRO bodybuilding protein and supplements for Vince McMahon's ",en,https://en.wikipedia.org/wiki/Frederick_Hatfield,American powerlifters
Van Hatfield,American strength athlete,"Van Hatfield is an American professional strongman competitor and powerlifter from Mapleton, Utah. Van won America's Strongest Man in 2004, his career best win. Van came in 2nd at the IFSA Strongman World Team Championships in 2005 with team Pan-America with teammates Travis Ortmayer, Geoff Dolan and Jon Andersen. Van competed in the 2007 IFSA Strongman World Championships, finishing in eighth pla",en,https://en.wikipedia.org/wiki/Van_Hatfield,American powerlifters
Big James Henderson,American powerlifter,"James Gregory Henderson, also known as Big James Henderson and James ""Hollywood"" Henderson, is a former American powerlifter who specialized in the bench press. He competed in the International Powerlifting Federation (IPF) and was five times Super Heavyweight World Bench Press Champion. He was the first man to bench press over 700 pounds (317.5 kg) raw. James set several world records throughout ",en,https://en.wikipedia.org/wiki/Big_James_Henderson,American powerlifters
Mark Henry,"American professional wrestler, weightlifter and radio personality (born 1971)","Mark Jerrold Henry is an American former powerlifter, Olympic weightlifter, strongman, and retired professional wrestler currently signed to WWE under a Legends contract.",en,https://en.wikipedia.org/wiki/Mark_Henry,American powerlifters
Danny Herrera (strongman),American powerlifter (1937–2008),"Danny Herrera was an American powerlifter from East Los Angeles, California.",en,https://en.wikipedia.org/wiki/Danny_Herrera_(strongman),American powerlifters
Dave Jacoby (powerlifter),American powerlifter,"Dave Jacoby is an American powerlifter. He won five International Powerlifting Federation World Championships in 1984, 1985, 1987, 1988 and 1992.",en,https://en.wikipedia.org/wiki/Dave_Jacoby_(powerlifter),American powerlifters
Kirk Karwoski,American world champion powerlifter,"Kirk Karwoski is an American world champion powerlifter. Kirk is a 7 time USPF National Powerlifting Champion, a 6 time IPF World Powerlifting Champion and an IPF Junior World Powerlifting Champion.",en,https://en.wikipedia.org/wiki/Kirk_Karwoski,American powerlifters
Bill Kazmaier,American strongman (born 1953),"William Kazmaier is an American former powerlifter, strongman and professional wrestler. During his career, he set 40 world records across both powerlifting and strongman, and won two International Powerlifting Federation (IPF) World Championships and three World's Strongest Man titles.",en,https://en.wikipedia.org/wiki/Bill_Kazmaier,American powerlifters
Doyle Kenady,American powerlifter and strongman,"Doyle Kenady was a world champion powerlifter and strongman competitor from the United States. Doyle was best known for winning the IPF World Powerlifting Championships in 1978 and 1980 in the +110 kg weight class. Doyle Kenady broke the world record in the deadlift at the 1986 Budweiser World Recorder Breakers Meet Deadlifting a 903-pound World Record on April 6, 1986, in a deadlift suit. Doyle c",en,https://en.wikipedia.org/wiki/Doyle_Kenady,American powerlifters
Ryan Kennelly,American powerlifter (born 1974),"Ryan Shawn Kennelly is an American powerlifter who specializes in the bench press. He held the World Powerlifting Organization (WPO) record and held the all-time world record in the Equipped (geared) bench press with a lift of 1075.0 lbs (487.6 kg) from November 2008 until April 2013. This world record is classified as an equipped world record, meaning the lift is performed with the aid of a bench",en,https://en.wikipedia.org/wiki/Ryan_Kennelly,American powerlifters
Kevin Faires,American strongman (born 1990),"Kevin Faires is an American professional strongman. Noted for his grip strength, he was the former world record holder of the Rogue replica Dinnie Stones walk, carrying the two stones weighing a combined weight of 333 kg (734 lb) for a distance of 9.63 metres.",en,https://en.wikipedia.org/wiki/Kevin_Faires,American powerlifters
Larry Kidney,American powerlifter (1939–2016),"Larry Kidney was an American powerlifter. He placed 6th in the 1980 World's Strongest Man Contest held at the Playboy Club in Vernon, New Jersey. and has held several state, national, and world records in the sport of Powerlifting.",en,https://en.wikipedia.org/wiki/Larry_Kidney,American powerlifters
Dan Kovacs,American powerlifter (born 1970),Dan Kovacs is an American competitor in the sport of powerlifting. He once held the world record for the IPA raw total at 308 pounds with a total of 2202 pounds.,en,https://en.wikipedia.org/wiki/Dan_Kovacs,American powerlifters
Jason Kristal,,Jason Kristal is an American weightlifter and professional strongman athlete who was placed first in 2008 America's Strongest Man.,en,https://en.wikipedia.org/wiki/Jason_Kristal,American powerlifters
Janae Kroc,American powerlifter and bodybuilder,Janae Marie Kroczaleski is an American who previously competed as a professional powerlifter and competitive bodybuilder.,en,https://en.wikipedia.org/wiki/Janae_Kroc,American powerlifters
John Kuc,American powerlifter,"John Kuc is a former world champion powerlifter from the United States. During the 1970s and 80s, he set numerous powerlifting national and world records, won three International Powerlifting Federation (IPF) world championships and numerous national championships.",en,https://en.wikipedia.org/wiki/John_Kuc,American powerlifters
Julius Maddox,American powerlifter (born 1987),Julius Maddox is an American powerlifter who is the world record holder in the raw bench press.,en,https://en.wikipedia.org/wiki/Julius_Maddox,American powerlifters
Scot Mendelson,American armwrestler and powerlifter (born 1969),Scot Mendelson is an American powerlifter and armwrestler who specializes in the bench press.,en,https://en.wikipedia.org/wiki/Scot_Mendelson,American powerlifters
Brent Mikesell,American powerlifter,"Brent Mikesell is a powerlifter from the United States. On March 27, 2002, he set a world record by squatting 1075 pounds. He surpassed this record by squatting 1141 pounds in 2004.",en,https://en.wikipedia.org/wiki/Brent_Mikesell,American powerlifters
KC Mitchell,Powerlifter (b. 1986),KC Mitchell is an American powerlifter and former soldier. He is the first amputee to compete for a national powerlifting title.,en,https://en.wikipedia.org/wiki/KC_Mitchell,American powerlifters
Tyler Moore (powerlifter),American powerlifter (born 1993),"Tyler Moore is an International Powerlifter for Team USA and is a competitor in the Men's Open Division. When Tyler was a teen, he was elected as Team USA's Jr Bench Press Team captain and won his first international title at the NAPF Bench Press Championships in 2011. Tyler is a member of the USAPL and competes in both, the equipped and RAW styles of Powerlifting. He is a two-time North American ",en,https://en.wikipedia.org/wiki/Tyler_Moore_(powerlifter),American powerlifters
Rohan Murphy,American Paralympian (b.1983),"Rohan Mario Murphy is an American Paralympian, wrestler and motivational speaker. Murphy is also the founder of inspirational networking community CatchSpark.com, and a 2011 candidate for The Leukemia & Lymphoma Society's Man & Woman of the Year fundraising campaign. Murphy has been featured in media such as ABC News, Sports Illustrated and 20/20, as well as Nike's “No Excuses” campaign.",en,https://en.wikipedia.org/wiki/Rohan_Murphy,American powerlifters
Jesse Norris,American powerlifter,Jesse Norris is an American powerlifter. He holds multiple world records in the 90 kilogram weight class.,en,https://en.wikipedia.org/wiki/Jesse_Norris,American powerlifters
Jesus Olivares,American powerlifter (born 1998),"Jesus Olivares is an American powerlifter. He is the reigning world champion at the IPF World Classic Powerlifting Championships in the 120+ kilogram weight class, having won five competitions.",en,https://en.wikipedia.org/wiki/Jesus_Olivares,American powerlifters
Russel Orhii,American powerlifter,"Russel Tiza Orhii is an American powerlifter competing in the 93 kilogram weight class. He previously won the IPF World Championships twice, USA Powerlifting Raw Nationals five times, and Powerlifting America Raw Nationals once in the 83 kilogram weight class.",en,https://en.wikipedia.org/wiki/Russel_Orhii,American powerlifters
Travis Ortmayer,American strength athlete,"Travis Ortmayer is an American professional Strongman athlete from Cypress, Texas. He is nicknamed the Texas Stoneman due to his many world records in the Atlas Stone event.",en,https://en.wikipedia.org/wiki/Travis_Ortmayer,American powerlifters
David Ostlund,American strongman competitor,"David Ostlund is an American professional strongman competitor. He grew up in Edina, Minnesota and attended Edina High School. Ostlund was a member of the Edina track and field team and competed in the shot put and discus events. It was his weight training for track that initially sparked his interest in the sport of strongman.",en,https://en.wikipedia.org/wiki/David_Ostlund,American powerlifters
Larry Pacifico,American powerlifter (born 1946),Larry Pacifico is an American former world champion powerlifter.,en,https://en.wikipedia.org/wiki/Larry_Pacifico,American powerlifters
Bob Peoples,American powerlifter (1910–1992),"Bob Peoples was an American powerlifter and farmer, known for breaking the record for world's heaviest deadlift.",en,https://en.wikipedia.org/wiki/Bob_Peoples,American powerlifters
Phil Pfister,American strongman (born 1971),"Phil Pfister is an American former strongman competitor. He is the winner of the 2006 World's Strongest Man competition held in Sanya, China and was the first American to win since Bill Kazmaier in 1982.",en,https://en.wikipedia.org/wiki/Phil_Pfister,American powerlifters
Mark Philippi,American powerlifter and strongman,"Mark Philippi is an American world champion powerlifter and strongman competitor who currently serves as the assistant strength and conditioning coach for the Chicago Bears of the National Football League (NFL). Philippi is a multiple entrant to the World's Strongest Man competition, and former holder of the America's Strongest Man title.",en,https://en.wikipedia.org/wiki/Mark_Philippi,American powerlifters
Derek Poundstone,American strength athlete and police officer,"Derek Anthony Poundstone is an American police officer, former professional strongman and strength coach from Woodbridge, Connecticut. He was the runner-up at the 2008 World's Strongest Man, a two-time Arnold Strongman Classic champion, and a three-time winner of America's Strongest Man. Several strength analysts and historians regard Poundstone as the best athlete to have never won World's Strong",en,https://en.wikipedia.org/wiki/Derek_Poundstone,American powerlifters
Steve Pulcinella,American strongman (born 1965),"Steve Pulcinella is an American former powerlifter, strongman, and Highland games competitor. He is the owner of Iron Sport Gym in Glenolden, Pennsylvania.",en,https://en.wikipedia.org/wiki/Steve_Pulcinella,American powerlifters
Don Reinhoudt,American weightlifter and strongman (1945–2023),"Donald C. Reinhoudt was an American powerlifter and strongman. He won the IPF World Powerlifting Superheavyweight Championship four consecutive times (1973–1976), and won the World's Strongest Man in 1979.",en,https://en.wikipedia.org/wiki/Don_Reinhoudt,American powerlifters
Mark Rippetoe,American strength coach (born 1956),"Mark Rippetoe is an American strength training coach, author, former powerlifter, and gym owner. He is best known for his barbell training program, the subject of his book Starting Strength: Basic Barbell Training. Rippetoe is known for his brash teaching style and humor, prompting several online compilations of his attributed quotations.",en,https://en.wikipedia.org/wiki/Mark_Rippetoe,American powerlifters
Gene Rychlak,American powerlifter (1968–2019),"Eugène Rychlak Jr. was a powerlifter from the United States, who specialized in the bench press. He was the first man to perform a bench press of over both 900 lb (410 kg) and 1,000 lb (450 kg). He was also the founder of the Revolution Powerlifting Syndicate (RPS) powerlifting federation.",en,https://en.wikipedia.org/wiki/Gene_Rychlak,American powerlifters
Richard Sadiv,American sports coach,Richard Sadiv is an American sports coach and powerlifter. Sadiv Sets are named after him.,en,https://en.wikipedia.org/wiki/Richard_Sadiv,American powerlifters
Arnold Schwarzenegger,Austrian and American actor and Governor of California (born 1947),"Arnold Alois Schwarzenegger is an Austrian and American actor, businessman, politician, and former professional bodybuilder. A member of the Republican Party, he served as the 38th governor of California from 2003 to 2011.",en,https://en.wikipedia.org/wiki/Arnold_Schwarzenegger,American powerlifters
Nick Scott (bodybuilder),Bodybuilder & author,"Nick Scott is a disabled professional bodybuilder, wheelchair ballroom dancer, author, and motivational speaker.",en,https://en.wikipedia.org/wiki/Nick_Scott_(bodybuilder),American powerlifters
Shear'Ree,First man to bench press 700 lbs,"Shear'Ree is a powerlifter from California who is reported by some, on November 15, 1982, as the first man to bench press 700 pounds raw.",en,https://en.wikipedia.org/wiki/Shear'Ree,American powerlifters
Brian Siders,American powerlifter (born 1978),"Brian Cameron Siders is an American world champion powerlifter and regular participant in the Arnold Strongman Classic. Brian is regarded as one of the strongest men to ever walk the planet, especially in press-movements.",en,https://en.wikipedia.org/wiki/Brian_Siders,American powerlifters
Louie Simmons,American powerlifter (1947–2022),"Louie Simmons was an American powerlifter and strength coach. He was active as a powerlifter and coach for more than fifty years. Simmons was the founder of Westside Barbell and has developed several training protocols, including the ""Conjugate Method"". He is also credited with inventing training machines for reverse hyper-extensions and belt squats. In the US powerlifting community he was referre",en,https://en.wikipedia.org/wiki/Louie_Simmons,American powerlifters
Eric Spoto,American arm-wrestler and powerlifter (born 1976),"Eric D. Spoto is an American arm-wrestler and powerlifter, who specializes in the bench press. He previously held world record in the raw (unequipped) bench press with 722 lb (327.5 kg) achieved on May 19, 2013.",en,https://en.wikipedia.org/wiki/Eric_Spoto,American powerlifters
Ken Sprague,American film producer,"Kenneth Ray Sprague is an American bodybuilder, businessman, author and school teacher. He is best known as the owner of the original Gold's Gym in Venice, Los Angeles, which he purchased and managed between the years 1972 and 1979.",en,https://en.wikipedia.org/wiki/Ken_Sprague,American powerlifters
Brady Stewart,American weightlifter (born 1982),"Brady Anthony Stewart is an American weightlifter. He was born on July 21, 1982, in St. Louis Missouri. Stewart is an 8-time US National Bench Press Team member for USA Powerlifting (Luxembourg 2009, Lithuania 2013, Sweden 2015, Denmark 2016, Lithuania 2017, South Africa 2018, Japan 2019, Czech Republic 2020[canceled due to Covid-19]). Stewart is the current American Record holder in the 120 kg / ",en,https://en.wikipedia.org/wiki/Brady_Stewart,American powerlifters
Jonathan Stoklosa,American powerlifter,"Jonathan Stoklosa is an American powerlifter. Born with Down syndrome, he is a Special Olympics champion.",en,https://en.wikipedia.org/wiki/Jonathan_Stoklosa,American powerlifters
Braun Strowman,American professional wrestler and strongman (born 1983),"Adam Joseph Scherr is an American professional wrestler, strongman and actor. As a wrestler, he is best known for his tenure in WWE, where he performed under the ring name Braun Strowman.",en,https://en.wikipedia.org/wiki/Braun_Strowman,American powerlifters
Blaine Sumner,American powerlifter,"Blaine Sumner is an American world champion powerlifter from Conifer, Colorado, currently residing in Gillette, Wyoming, United States.",en,https://en.wikipedia.org/wiki/Blaine_Sumner,American powerlifters
Terry Todd,American powerlifter and historian (1938–2018),"Terence Todd was an American powerlifter, Olympic weightlifter, author, researcher, historian, and a strength and physical culture promoter.",en,https://en.wikipedia.org/wiki/Terry_Todd,American powerlifters
Dave Waddington,"Former powerlifter and strongman from Ohio, USA","Dave Waddington is a former powerlifter and strongman from Ohio, United States. Apart from his three appearances at the World's Strongest Man finals, winning third in 1981, he is also famed as the first man to ever squat 1,000 lbs.",en,https://en.wikipedia.org/wiki/Dave_Waddington,American powerlifters
Larry Wheels,American powerlifter (born 1994),"Larry Williams, better known as Larry Wheels, is a French Antillean-American powerlifter, fitness influencer and a professional bodybuilder competing in the IFBB Pro League. Born in Manhattan, New York City, Williams later moved to Saint Martin in 2008 as a teenager before returning to New York City and later moving to Los Angeles.",en,https://en.wikipedia.org/wiki/Larry_Wheels,American powerlifters
Jim Williams (powerlifter),American powerlifter (1940–2007),"James Talbot Williams was an American powerlifter. He competed in powerlifting just prior to the formation of the International Powerlifting Federation (IPF). During the early-1970s, he set bench press national and world records in the Amateur Athletic Union (AAU). On November 9, 1972, he bench pressed of 675 lbs. Jim Williams was the first man to bench press 300 kg (661.41 bs) in competition.",en,https://en.wikipedia.org/wiki/Jim_Williams_(powerlifter),American powerlifters
O.D. Wilson,American strongman and powerlifter (1954-1991),"Oders Dell Wilson Jr. was an American powerlifter and a strongman. He was known by the nickname ""the Nightmare"", mainly due to his size.",en,https://en.wikipedia.org/wiki/O.D._Wilson,American powerlifters
Bob Young (offensive lineman),American football player and strongman (1942–1995),Robert Allen Young was an American professional football player who was an offensive guard for 16 seasons in the American Football League (AFL) and National Football League (NFL). He played college football for the Howard Payne Yellow Jackets.,en,https://en.wikipedia.org/wiki/Bob_Young_(offensive_lineman),American powerlifters
Doug Young (powerlifter),American powerlifter (1944–2005),Doug Young was an American national and world powerlifting champion multiple times throughout his career while competing in the 242 lb. and 275 lb. weight classes.,en,https://en.wikipedia.org/wiki/Doug_Young_(powerlifter),American powerlifters
Andy Bolton,British strength athlete,"Andrew Bolton is an English powerlifter and strongman from Dewsbury, Yorkshire. In 2006, he became the first man to deadlift 1,000 lb.",en,https://en.wikipedia.org/wiki/Andy_Bolton,British powerlifters
Dean Bowring,English powerlifter,"Dean Bowring is an English silver medalist powerlifter. In 2009, he won the Indian IPF World Championships at the super-heavyweight category after he lifted a total of 880 kg (1,940 lb) at the GBPF South Midlands in Southampton. He has been outspoken against the use of performance-enhancing drugs in powerlifting.",en,https://en.wikipedia.org/wiki/Dean_Bowring,British powerlifters
Dave Carter (powerlifter),,"Dave Carter is a British powerlifter and is a former British, European and World Powerlifting champion, competing in the 125kg deadlift and squat categories.",en,https://en.wikipedia.org/wiki/Dave_Carter_(powerlifter),British powerlifters
Kyron Duke,Welsh Paralympic athlete,Kyron Duke is a Welsh powerlifter and Paralympian track and field athlete competing in category F41 throwing events. Duke has represented Wales in the 2010 Commonwealth Games in powerlifting. In 2012 he qualified for the 2012 Summer Paralympics in javelin and shot put.,en,https://en.wikipedia.org/wiki/Kyron_Duke,British powerlifters
Steven Forshaw,British powerlifter (born 1988),"Steven Forshaw is a British competitive powerlifter and chartered accountant. He is primarily known for his achievements in the World Powerlifting Congress (WPC), where he secured multiple World, European and British championship titles. Forshaw completed a ""Triple Crown"" of victories in 2025 across the world, European and national levels across multiple disciplines in the sport.",en,https://en.wikipedia.org/wiki/Steven_Forshaw,British powerlifters
Ali Jawad,British Paralympic powerlifter,"Ali Jawad is a British Paralympic powerlifter competing in the −59 kg class. Born without legs, he took up powerlifting at the age of 16. He competed in the 2012 Summer Paralympics in London, finishing fourth. The following year he took gold at the Asian Open Championships making a world record lift of 185.5 kg. At the 2014 IPC Powerlifting World Championships in Dubai, he became World Champion in",en,https://en.wikipedia.org/wiki/Ali_Jawad,British powerlifters
Chris Jenkins (powerlifter),,"Christopher Jenkins is a Welsh powerlifter and strongman. He is a former junior World powerlifting champion and holds Welsh, British, European and World records in the powerlifts. Jenkins has been described as one of the greatest junior powerlifters of all time.",en,https://en.wikipedia.org/wiki/Chris_Jenkins_(powerlifter),British powerlifters
Mike Joseph,British bench press powerlifter,"Mike Joseph, known as Bench Press King, is a Bench press Powerlifter and 10 times British, European and World Bench Press Champion and holder of four World Records as well as holding a record in the Guinness Book of World Records for a 24-hour endurance bench press record.",en,https://en.wikipedia.org/wiki/Mike_Joseph,British powerlifters
Ian Marsden,"British paracanoeist, hand cyclist, and powerlifter","Ian James Marsden is a British paracanoeist, hand cyclist and former champion powerlifter. He won a bronze medal at the 2016 Summer Paralympics in the Men's KL1 200m.",en,https://en.wikipedia.org/wiki/Ian_Marsden,British powerlifters
Delroy McQueen,,"
Delroy McQueen is a former English weightlifter and powerlifter. Delroy competed in the Commonwealth championships in 2002 in Manchester where he won, setting two new Commonwealth records. He snatched 165 kg and Clean and jerked 210 kg.",en,https://en.wikipedia.org/wiki/Delroy_McQueen,British powerlifters
Brian Mills (footballer),English footballer (born 1971),"Brian Mills is an English former footballer. A forward who scored four goals in 23 games for Port Vale in the Football League, his brief professional career was ended by illness in 1993.",en,https://en.wikipedia.org/wiki/Brian_Mills_(footballer),British powerlifters
Chris Morgan (powerlifter),British powerlifter (born 1973),"
Chris Morgan is a British powerlifter. He is a global ambassador to the Federation of Gay Games and a ten-time world champion in his sport.",en,https://en.wikipedia.org/wiki/Chris_Morgan_(powerlifter),British powerlifters
Dave Pennington,British powerlifter,David Pennington was a British powerlifter.,en,https://en.wikipedia.org/wiki/Dave_Pennington,British powerlifters
Andrew Raynes,,"Andrew Raynes, commonly known as ""Stumpy"", is an English former strongman, powerlifter, and bodybuilder. He was a multiple time finalist in Britain's Strongest Man and a finalist of the 2001 World's Strongest Man contest.",en,https://en.wikipedia.org/wiki/Andrew_Raynes,British powerlifters
Paul Rutherford (powerlifter),Scottish powerlifter,Paul Rutherford is a Scottish powerlifter. He is a Multiple World Powerlifting Champion.,en,https://en.wikipedia.org/wiki/Paul_Rutherford_(powerlifter),British powerlifters
Louise Sugden,British Paralympic powerlifter,Louise Sugden is a British powerlifter and former international wheelchair basketball player.,en,https://en.wikipedia.org/wiki/Louise_Sugden,British powerlifters
Mark Swan,British Paralympic powerlifter (born 2001),Mark Swan is a British Paralympic powerlifter. He represented Great Britain at the 2024 Summer Paralympics.,en,https://en.wikipedia.org/wiki/Mark_Swan,British powerlifters
Gary Taylor (strongman),British strength athlete (born 1961),"Gary Taylor is a British former Strongman, Weightlifter, Powerlifter and Bodybuilder.",en,https://en.wikipedia.org/wiki/Gary_Taylor_(strongman),British powerlifters
Peter Tregloan,British strongman and powerlifter,"Peter Tregloan is a British former strongman and powerlifter. He has won a number of titles including nine world championships in powerlifting and is the current world record holder in squat, deadlift and total weight for the masters age class.",en,https://en.wikipedia.org/wiki/Peter_Tregloan,British powerlifters
Micky Yule,British Paralympic powerlifter,"Michael Yule is a British Paralympic powerlifter competing in the -80 kg class. In 2021, he won the bronze medal in the men's 72 kg event at the 2020 Summer Paralympics in Tokyo, Japan.",en,https://en.wikipedia.org/wiki/Micky_Yule,British powerlifters
Vladislav Alhazov,Russian and Israeli powerlifter (born 1978),"Vladislav 'Vlad' Alhazov is an Israeli-Russian powerlifter, who holds the all-time world record for the heaviest raw squat, at 525 kg (1,157 lb).",en,https://en.wikipedia.org/wiki/Vladislav_Alhazov,Russian powerlifters
Vladimir Balynetc,Russian Paralympic powerlifter,"Vladimir Balynetc is a powerlifter from Russia. At the 2012 Summer Paralympics he won a silver medal in the men's 48 kg powerlifting event, lifting 170 kg (375 lb).",en,https://en.wikipedia.org/wiki/Vladimir_Balynetc,Russian powerlifters
Sergey Fedosienko,Russian powerlifter (born 1982),Sergey Alexeyevich Fedosienko is a Russian powerlifter. Fedosienko has won 15 gold medals at the world equipped championships and 7 gold medals at the world classic (raw) championships in the IPF. Fedosienko has also won two World Games gold medals in 2013 and 2017.,en,https://en.wikipedia.org/wiki/Sergey_Fedosienko,Russian powerlifters
Nikolay Iov,Transnistrian powerlifter and musician,Nikolay Alexandrovich Iov is a Transnistrian powerlifter and musician. He has competed for Russia in international powerlifting championships and released music to benefit local charitable causes.,en,https://en.wikipedia.org/wiki/Nikolay_Iov,Russian powerlifters
Mikhail Koklyaev,Russian weightlifter (born 1978),"Mikhail Viktorovich Koklyaev is a Russian weightlifter, powerlifter, strongman and boxer. He is widely regarded as one of the most versatile strength athletes of all time.",en,https://en.wikipedia.org/wiki/Mikhail_Koklyaev,Russian powerlifters
Ivan Kurpishev,Russian powerlifter (born 1969),Ivan Borisovich Kurpishev is a Russian powerlifter.,en,https://en.wikipedia.org/wiki/Ivan_Kurpishev,Russian powerlifters
Andrey Malanichev,Russian Athlete,"Andrey Vladimirovich Malanichev is a Russian super-heavy weight powerlifter. Honored with Master of sports of Russia in powerlifting, he is a multiple World, European and Russian champion, and set 12 absolute all-time world records in all continents: Eurasia, Europe, America, Australia. He also set over 50 records in powerlifting, both internationally and nationally and won Cup of the Titans five ",en,https://en.wikipedia.org/wiki/Andrey_Malanichev,Russian powerlifters
Konstantin Nerchenko,Russian bodybuilder (born 1985),"Konstantin ""Kostya"" Nerchenko is a Russian bodybuilder, powerlifter, strongman, master of Sambo, and personal trainer.",en,https://en.wikipedia.org/wiki/Konstantin_Nerchenko,Russian powerlifters
Kirill Sarychev,Russian powerlifter (born 1989),"Kirill Igorevich Sarychev is a Russian powerlifter. He previously held the world record in the raw bench press with a lift of 335 kg (738.5 lb). In 2016, he set a world record raw three-lift powerlifting total in the Superheavyweight class.",en,https://en.wikipedia.org/wiki/Kirill_Sarychev,Russian powerlifters
Mikhail Sazonov,"Russian bodybuilder, and powerlifter (born 1990)","Mikhail Viktorovich Sazonov is a Russian bodybuilder, and powerlifter, also known as Ignat Mihailov.",en,https://en.wikipedia.org/wiki/Mikhail_Sazonov,Russian powerlifters
Sergey Skolskiy,Russian powerlifter,"Sergey Vladimirovich Skolskiy is a Russian powerlifter, Master of Sports of Russia, champion of Russia, four-time European champion in the open category, two-time world champion, 16-time a Guinness world record holder.",en,https://en.wikipedia.org/wiki/Sergey_Skolskiy,Russian powerlifters
Andrey Tarasenko (powerlifter),Russian powerlifter,Andrey Viktorovich Tarasenko is a Russian powerlifting competitor who won six world titles between 1999 and 2007.,en,https://en.wikipedia.org/wiki/Andrey_Tarasenko_(powerlifter),Russian powerlifters
Ayrat Zakiev,Russian Paralympic powerlifter,Ayrat Zakiev is a Russian Paralympic powerlifter. He represented Russia at the 2008 Summer Paralympics and at the 2012 Summer Paralympics and he won the silver medal in the men's 60 kg event in 2008.,en,https://en.wikipedia.org/wiki/Ayrat_Zakiev,Russian powerlifters
List of IPF world champions in powerlifting (classic),,"
This is a list of IPF world championships medalists in classic powerlifting.",en,https://en.wikipedia.org/wiki/List_of_IPF_world_champions_in_powerlifting_(classic),Female powerlifters
Rehab Ahmed,Egyptian Paralympic powerlifter,"Rehab Ahmed is an Egyptian Paralympic powerlifter. She is a three-time medalist, including gold, at the Summer Paralympics and a three-time gold medalist at the World Para Powerlifting Championships.",en,https://en.wikipedia.org/wiki/Rehab_Ahmed,Female powerlifters
Ellen Åkesson,Swedish powerlifter,"Ellen Brönmark Åkesson is a Swedish powerlifter, arm wrestler, and professional wrestler. She is signed to the American professional wrestling promotion WWE. She has been described as ""Sweden's strongest woman"".",en,https://en.wikipedia.org/wiki/Ellen_%C3%85kesson,Female powerlifters
Ghazalah Alaqouri,Libyan Paralympic powerlifter,"Ghazalah Alaqouri is a Libyan powerlifter who competes in the <86 kg class. She competed in the 2016 Summer Paralympics in Rio de Janeiro, Brazil, and the 2024 Summer Paralympics in Paris, France, where she was a flag bearer.",en,https://en.wikipedia.org/wiki/Ghazalah_Alaqouri,Female powerlifters
Nadia Ali (powerlifter),Egyptian Paralympic powerlifter (born 1974),"Nadia Mohamed Ali is an Egyptian powerlifter. She has represented Egypt at the Summer Paralympics five times, in 2000, 2004, 2008, 2016 and 2024. In her first three appearances there, she had won a medal. She has also appeared in the World Para Powerlifting Championships six times, winning four medals.",en,https://en.wikipedia.org/wiki/Nadia_Ali_(powerlifter),Female powerlifters
Myrtle Augee,English shot putter (born 1965),Myrtle Sharon Mary Augee is a female English retired shot putter who competed at two Olympic Games. Augee was appointed a Member of the Order of the British Empire (MBE) in the 2009 Birthday Honours.,en,https://en.wikipedia.org/wiki/Myrtle_Augee,Female powerlifters
Lisa Aukland,American bodybuilder,Lisa Aukland is an American professional female bodybuilder and amateur powerlifter.,en,https://en.wikipedia.org/wiki/Lisa_Aukland,Female powerlifters
Majiziya Bhanu,Indian powerlifter,Majiziya Bhanu is an Indian body builder and power lifter from Kerala.,en,https://en.wikipedia.org/wiki/Majiziya_Bhanu,Female powerlifters
Alba Boström,Swedish powerlifter (born 2001),"Alba Boström is a Swedish powerlifter. She competes in the -63 kg class in classical powerlifting and became the 2025 world champion. At the 2025 world championships, she set a new world record in the total weight with 565 kg. Boström is also a former junior world champion and holds several Nordic records.",en,https://en.wikipedia.org/wiki/Alba_Bostr%C3%B6m,Female powerlifters
Jessica Buettner,Canadian powerlifter,"Jessica Buettner (born 1995 is a Canadian powerlifter, who won the gold medal in the 2022 IPF 76 kg open powerlifting classic and who won the silver medal in the 72 kg - Raw class at 2019 IPF World Championship in Helsingborg. She also broke three junior powerlifting records at 2018 World Championship, and she previously competed in shot put.",en,https://en.wikipedia.org/wiki/Jessica_Buettner,Female powerlifters
Ana Castellain,Brazilian powerlifter (born 1985),Ana Rosa Castellain is a Brazilian powerlifter and seven-time world champion. She became the main Brazilian athlete active in the country after originally being inducted into the IPF Hall of Fame. She currently resides and trains in the city of Garopaba on the coast of Santa Catarina.,en,https://en.wikipedia.org/wiki/Ana_Castellain,Female powerlifters
Maria de Fátima Castro,Brazilian Paralympic powerlifter,"Maria de Fátima Costa de Castro is a Brazilian powerlifter who has competed in the 61 kilograms (134 lb) and 67 kilograms (148 lb) brackets. She is a silver medalist at the 2023 World Para Powerlifting Championships, and bronze medalist at the 2023 Parapan American Games and 2024 Summer Paralympics.",en,https://en.wikipedia.org/wiki/Maria_de_F%C3%A1tima_Castro,Female powerlifters
Suda Chaleephay,Thai weightlifter (born 1987),Suda Chaleephay is a Thai weightlifter.,en,https://en.wikipedia.org/wiki/Suda_Chaleephay,Female powerlifters
Chen Wei-ling (weightlifter),Taiwanese weightlifter (born 1982),Chen Wei-ling is a Taiwanese Olympic weightlifter and powerlifter.,en,https://en.wikipedia.org/wiki/Chen_Wei-ling_(weightlifter),Female powerlifters
Cui Jianjin,Chinese Paralympic powerlifter,Cui Jianjin is a Chinese Paralympic powerlifter.,en,https://en.wikipedia.org/wiki/Cui_Jianjin,Female powerlifters
Cui Zhe,Chinese Paralympic powerlifter,"Cui Zhe is a powerlifter from China. She survived polio at two years old, and began powerlifting in 2003. She won the gold medal in the women's 41 kg event at the 2024 Summer Paralympics held in Paris, France.",en,https://en.wikipedia.org/wiki/Cui_Zhe,Female powerlifters
Mariana D'Andrea,Brazilian Paralympic powerlifter,"Mariana D'Andrea is a Brazilian Paralympic powerlifter. She won the gold medal in the women's 73 kg event at the 2020 Summer Paralympics held in Tokyo, Japan. She is the first competitor representing Brazil to win a gold medal in powerlifting at the Paralympics. A few months later, she won the silver medal in her event at the 2021 World Para Powerlifting Championships held in Tbilisi, Georgia.",en,https://en.wikipedia.org/wiki/Mariana_D'Andrea,Female powerlifters
Đặng Thị Linh Phượng,Vietnamese Paralympic powerlifter,"Đặng Thị Linh Phượng is a Vietnamese powerlifter who has competed for her country at the ASEAN Para Games, and the Summer Paralympics.",en,https://en.wikipedia.org/wiki/%C4%90%E1%BA%B7ng_Th%E1%BB%8B_Linh_Ph%C6%B0%E1%BB%A3ng,Female powerlifters
Deng Xuemei,Chinese Paralympic powerlifter,Deng Xuemei is a Chinese Paralympic powerlifter.,en,https://en.wikipedia.org/wiki/Deng_Xuemei,Female powerlifters
Cinthya Domínguez,Mexican weightlifter (born 1982),Cinthya Domínguez Lara is a female weightlifter from Mexico. She won the silver medal at the 2007 Pan American Games for her native North American country in the – 69 kg weight division. In 2015 Domínguez was suspended after she failed a drug test.,en,https://en.wikipedia.org/wiki/Cinthya_Dom%C3%ADnguez,Female powerlifters
Adeline Dumapong,Filipina Paralympic powerlifter (born 1973),Adeline Dumapong-Ancheta is a Filipina retired Paralympic powerlifter. She became the first Filipina to win a Paralympic medal ever when she won bronze at the 2000 Summer Paralympics.,en,https://en.wikipedia.org/wiki/Adeline_Dumapong,Female powerlifters
Fatma Elyan,Egyptian Paralympic powerlifter (born 2000),Fatma Elyan is an Egyptian powerlifter who has competed in the 61 kilograms (134 lb) and 67 kilograms (148 lb) brackets. She is a silver medalist at the 2023 World Para Powerlifting Championships and 2024 Summer Paralympics.,en,https://en.wikipedia.org/wiki/Fatma_Elyan,Female powerlifters
Farhanna Farid,Singaporean powerlifter,"Farhanna Farid is a Singaporean powerlifter. She is a 2-time Asian champion and a 4-time national champion. As of 2022, she has broken 6 Asian records and a world record and is also the first Singaporean to win an overall gold medal in an international competition for the female's open category. She made her international competition debut in the 2018 Asian Classic Powerlifting Championships winni",en,https://en.wikipedia.org/wiki/Farhanna_Farid,Female powerlifters
Rita Ferdinand,Nigerian para powerlifter (born 1995),Rita Ferdinand is a Nigerian para powerlifter.,en,https://en.wikipedia.org/wiki/Rita_Ferdinand,Female powerlifters
Aneta Florczyk,Polish strength athlete (born 1982),Aneta Florczyk is a Polish strongwoman. She is the only 4 times winner of the World's Strongest Woman competition.,en,https://en.wikipedia.org/wiki/Aneta_Florczyk,Female powerlifters
Bev Francis,Australian bodybuilder and powerlifter,"Beverley ""Bev"" Francis is an Australian gym owner and retired professional bodybuilder, powerlifter, and national shot put champion.",en,https://en.wikipedia.org/wiki/Bev_Francis,Female powerlifters
Fu Taoying,Chinese Paralympic powerlifter,"Fu Taoying is a Chinese powerlifter. She is the top medalist in women's paralympic powerlifting, having won four gold medals at the Summer Paralympics.",en,https://en.wikipedia.org/wiki/Fu_Taoying,Female powerlifters
Fila Fuamatu,Samoan powerlifter,"Fila Fuamatu is a Samoan powerlifter who has competed at the 2011 and 2015 Pacific Games where she gained a silver medal each time in the women's -84 kg class. Outside of sports, she is a teacher and works to promote healthy living.",en,https://en.wikipedia.org/wiki/Fila_Fuamatu,Female powerlifters
Mariša Golob,Slovenian powerlifter,Mariša Golob  is the most successful and decorated female in Slovenian powerlifting history.,en,https://en.wikipedia.org/wiki/Mari%C5%A1a_Golob,Female powerlifters
Hazel Greene,"Irish archer, weightlifter and fencer","
Hazel Greene-Pereira is an Irish three time archer for Ireland in the Summer Olympic Games, powerlifter and fencer.",en,https://en.wikipedia.org/wiki/Hazel_Greene,Female powerlifters
Achelle Guion,Filipino powerlifter (born 1971),Achelle Hofilena Guion is a Filipino powerlifter who has competed in the 2012 Summer Paralympics.,en,https://en.wikipedia.org/wiki/Achelle_Guion,Female powerlifters
Guo Lingling,Chinese Paralympic powerlifter,"Guo Lingling is a Chinese Paralympic powerlifter. She won the gold medal in the women's 41 kg event at the 2020 Summer Paralympics held in Tokyo, Japan. She also won gold at the 2024 Summer Paralympics held in Paris, France. Guo is a four-time gold medalist at the World Para Powerlifting Championships.",en,https://en.wikipedia.org/wiki/Guo_Lingling,Female powerlifters
Han Miaoyu,Chinese Paralympic powerlifter,Han Miaoyu is a Chinese Paralympic powerlifter. She represented China at the 2024 Summer Paralympics.,en,https://en.wikipedia.org/wiki/Han_Miaoyu,Female powerlifters
Safaa Hassan,Egyptian Paralympic powerlifter,Safaa Hassan is an Egyptian Paralympic powerlifter. She represented Egypt at the 2024 Summer Paralympics.,en,https://en.wikipedia.org/wiki/Safaa_Hassan,Female powerlifters
Hu Dandan,Chinese Paralympic powerlifter,"Hu Dandan is a Chinese powerlifter and former wheelchair tennis player. She won the gold medal at the women's 45 kg event at the 2016 Summer Paralympics, with 107 kilograms. She won the gold medal at the women's 50 kg event at the 2020 Summer Paralympics, with 120 kilograms.",en,https://en.wikipedia.org/wiki/Hu_Dandan,Female powerlifters
April Hutchinson,Canadian Powerlifter and Activist (born 1976),"April-Lea Christina Hutchinson, also known as April Hutchinson, is a Canadian competitive powerlifter from London, Ontario. She is a three-time former Team Canada member and the current Women's North American Powerlifting Federation's M1 84 kg+ deadlift record holder.",en,https://en.wikipedia.org/wiki/April_Hutchinson,Female powerlifters
Nephtalie Jean-Louis,Haitian Paralympic athlete,"Nephtalie Jean-Louis is a Haitian Paralympic athlete, who was the sole competitor in Haiti's first Summer Paralympics team in 2008 in Beijing, China. She competed again at the 2012 Summer Paralympics in London, England, in javelin and shot put.",en,https://en.wikipedia.org/wiki/Nephtalie_Jean-Louis,Female powerlifters
Zainab Khatoon,Indian para powerlifter,"Zainab Khatoon is an Indian para-power lifter from Uttar Pradesh. She was part of the Indian para team and won a silver medal at the 2022 Asian Para Games at Hangzhou, China in the women's 61 kg power lifting events. Prime Minister Narendra Modi congratulated her on winning the silver medal and also tweeted it, like he did for all Asiad medal winners.",en,https://en.wikipedia.org/wiki/Zainab_Khatoon,Female powerlifters
Sakina Khatun,Indian powerlifter (born 1989),Sakina Khatun is an Indian powerlifter from West Bengal. She won bronze medal in the women's 61 kg event at the 2014 Commonwealth Games.,en,https://en.wikipedia.org/wiki/Sakina_Khatun,Female powerlifters
Raushan Koishibayeva,Kazakhstani Paralympic powerlifter,"Raushan Koishibayeva is a Kazakhstani Paralympic powerlifter. She won a silver medal in the 67 kg category at the 2016 Summer Paralympics, aged 50.",en,https://en.wikipedia.org/wiki/Raushan_Koishibayeva,Female powerlifters
Ruza Kuzieva,Uzbekistani Paralympic powerlifter (born 1994),"Ruza Kuzieva is an Uzbekistani Paralympic powerlifter. She won the silver medal in the women's 61 kg event at the 2020 Summer Paralympics held in Tokyo, Japan. She won the gold medal in the women's 55 kg event at the 2018 Asian Para Games and she is a two-time medalist at the World Para Powerlifting Championships.",en,https://en.wikipedia.org/wiki/Ruza_Kuzieva,Female powerlifters
Ana Margot Lemos,Colombian weightlifter (born 1986),Ana Margot Lemos is a female weightlifter from Colombia. She won a silver medal at the 2007 Pan American Games for her native South American country.,en,https://en.wikipedia.org/wiki/Ana_Margot_Lemos,Female powerlifters
Lin Tzu-hui,Taiwanese powerlifter (born 1981),Lin Tzu-hui is a Taiwanese powerlifter. She held the world record in her class after lifting 129 kg.,en,https://en.wikipedia.org/wiki/Lin_Tzu-hui,Female powerlifters
Kati Luoto,Finnish strength athlete (born 1972),Kati Luoto is a Finnish strength athlete who is foremost known as the winner of the 2013 World's Strongest Woman held in Helsinki and winning Finland's Strongest Woman competition seven times.,en,https://en.wikipedia.org/wiki/Kati_Luoto,Female powerlifters
Randa Mahmoud,Egyptian Paralympic powerlifter,"Randa Mahmoud is an Egyptian Paralympic powerlifter. She won a gold medal in the 86 kg division at the 2016 Paralympics, placing second in 2008 and 2012 in lighter categories.",en,https://en.wikipedia.org/wiki/Randa_Mahmoud,Female powerlifters
Zuray Marcano,Venezuelan Paralympic powerlifter (1954–2020),"Zuray Marcano Fuenmayor was a Venezuelan teacher and Paralympic powerlifter. In 2016, she was a competitor at the Rio Paralympics at the age of 62.",en,https://en.wikipedia.org/wiki/Zuray_Marcano,Female powerlifters
Larisa Marinenkova,Moldovan Paralympic powerlifter,"Larisa Marinenkova is a Moldovan powerlifter who has competed at three Summer Paralympics for her country, and won medals in the IPC Powerlifting Open European Championships and 2017 World Para Paralifting World Cup.",en,https://en.wikipedia.org/wiki/Larisa_Marinenkova,Female powerlifters
Gael Martin,"Australian shot putter, discus thrower and powerlifter","Gael Patricia Mulhall-Martin, née Mulhall, is a former Australian athlete who competed in the shot put and in the discus throw at the Olympic level and also had a career in powerlifting.",en,https://en.wikipedia.org/wiki/Gael_Martin,Female powerlifters
Tatiana Matveeva (weightlifter),Russian weightlifter (born 1985),Tatiana Weiss is a Russian weightlifter.,en,https://en.wikipedia.org/wiki/Tatiana_Matveeva_(weightlifter),Female powerlifters
Deahnne McIntyre,Australian Paralympic powerlifter,"Deahnne Mary McIntyre, OAM is an Australian former Paralympic athletics competitor and one of few Australian female powerlifters. She won four medals in the 1988 Seoul Paralympic Games in athletics, and competed in powerlifting from 2000 until her retirement from the sport in January 2011.",en,https://en.wikipedia.org/wiki/Deahnne_McIntyre,Female powerlifters
Tayana Medeiros,Brazilian Paralympic powerlifter (born 1993),Tayana de Souza Medeiros is a Brazilian Paralympic powerlifter.,en,https://en.wikipedia.org/wiki/Tayana_Medeiros,Female powerlifters
Tulia Medina,Colombian weightlifter (born 1983),Tulia Angela Medina Alcalde is a female weightlifter from Colombia. She won a gold medal at the 2007 Pan American Games for her native South American country. Medina twice represented Colombia at the Summer Olympics: in 2004 and 2008.,en,https://en.wikipedia.org/wiki/Tulia_Medina,Female powerlifters
Mimozette Nghamsi Fotie,Cameroonian para-powerlifter,Mimozette Nghamsi Fotie is a Cameroonian para-powerlifting athlete who has competed internationally in the women's flyweight categories. She represented Cameroon at the 2014 Commonwealth Games and the 2020 Summer Paralympics.,en,https://en.wikipedia.org/wiki/Mimozette_Nghamsi_Fotie,Female powerlifters
Cynthia Morrison,American escapologist and strongwoman,"Cynthia Morrison aka ""Cindini"" is an escapologist and strongwoman who is based in Palm Beach, Florida, USA. In 1994, she was the first woman to compete against professional athletes at the Highland games in Scotland. She has competed in powerlifting, and track & field events. Morrison founded the Palm Beach Jousting club, and has won jousting events. She is also a knife thrower, playwright and bul",en,https://en.wikipedia.org/wiki/Cynthia_Morrison,Female powerlifters
Ni Nengah Widiasih,Indonesian Paralympic powerlifter,"Ni Nengah Widiasih is an Indonesian powerlifter. She competed in the 2012 Summer Paralympics, 2016 Summer Paralympics and 2020 Summer Paralympics.",en,https://en.wikipedia.org/wiki/Ni_Nengah_Widiasih,Female powerlifters
Oliba Nieve,Ecuadorian weightlifter (born 1977),Oliba Seledina Nieves Arroyo  is a female weightlifter from Ecuador. She won a gold medal at the 2007 Pan American Games for her native South American country in the + 75 kg weight division.,en,https://en.wikipedia.org/wiki/Oliba_Nieve,Female powerlifters
Michiko Nishiwaki,"Japanese actress, stuntwoman, martial artist (born 1957)","Michiko Nishiwaki  is a Japanese actress, stuntwoman, martial artist, fight choreographer, former female bodybuilder and powerlifter. She performed the high-risk stunts as a double for Lucy Liu in the film Charlie's Angels.",en,https://en.wikipedia.org/wiki/Michiko_Nishiwaki,Female powerlifters
Joyce Wambui Njuguna,Kenyan powerlifter,"Joyce Wambūi Njūgūna is a Kenyan powerlifter. She competed in the women's +61 kg event at the 2014 Commonwealth Games where she won a bronze medal. She also competed at the Commonwealth Games in 2018, where she came 3rd in the women's heavyweight but did not receive a medal as there were four overall competitors, and in 2022 where she came 5th in the women's heavyweight event.",en,https://en.wikipedia.org/wiki/Joyce_Wambui_Njuguna,Female powerlifters
Nataliia Oliinyk,Ukrainian Paralympic powerlifter,"Nataliia Oliinyk is a Ukrainian Paralympic powerlifter. She won the silver medal in the women's 79 kg event at the 2020 Summer Paralympics held in Tokyo, Japan. A few months later, she won the bronze medal in the women's 86 kg event at the 2021 World Para Powerlifting Championships held in Tbilisi, Georgia.",en,https://en.wikipedia.org/wiki/Nataliia_Oliinyk,Female powerlifters
Fatma Omar,Egyptian powerlifter (born 1973),"Fatma Omar is an Egyptian powerlifter competing in the -56 kg category. She is a dominant power in her sport, winning gold in her event in four Summer Paralympics, and another four gold medals at the IPC Powerlifting World Championships.",en,https://en.wikipedia.org/wiki/Fatma_Omar,Female powerlifters
Lora Ottenad,American professional female bodybuilder,"Lora Ottenad is an American professional bodybuilder and powerlifting champion from Las Vegas, Nevada.",en,https://en.wikipedia.org/wiki/Lora_Ottenad,Female powerlifters
Ouyang Xiaofang,Chinese weightlifter (born 1983),"Ouyang Xiaofang is a weightlifter from Liaoning, People's Republic of China.",en,https://en.wikipedia.org/wiki/Ouyang_Xiaofang,Female powerlifters
Amalia Pérez,Mexican Paralympic powerlifter,Amalia Pérez Vázquez is a Mexican powerlifter in the 44 kilograms (97 lb) - 60 kilograms (130 lb) bracket. She has four times been a Paralympic champion and is the only powerlifter in the world to have Paralympic champion in three divisions.,en,https://en.wikipedia.org/wiki/Amalia_P%C3%A9rez,Female powerlifters
Mercedes Pérez,Colombian weightlifter (born 1987),Mercedes Isabel Pérez Tigreros is a female Colombian weightlifter competing in the 63 kg category until 2018 and 64 kg starting in 2018 after the International Weightlifting Federation reorganized the categories.,en,https://en.wikipedia.org/wiki/Mercedes_P%C3%A9rez,Female powerlifters
Raj Kumari (para powerlifting),Indian Paralympic powerlifter,"Raj Kumari is an Indian para-power lifter from Delhi. She won a bronze medal at the 2022 Asian Para Games at Hangzhou, China in the women's 61 kg powerlifting event.",en,https://en.wikipedia.org/wiki/Raj_Kumari_(para_powerlifting),Female powerlifters
Betsi Rivas,Venezuelan weightlifter (born 1986),Betsi Gabriela Rivas Arteaga is a weightlifter from Venezuela. She won the silver medal at the 2007 Pan American Games for her native South American country in the – 48 kg weight division. Her first name is sometimes also spelled as Betsy.,en,https://en.wikipedia.org/wiki/Betsi_Rivas,Female powerlifters
Sue Roberts (powerlifter),Australian powerlifter,"Sue Roberts is an Australian powerlifter who won gold medals in the International Powerlifting Federation's Women's World Powerlifting Championships in 1981, 1982 and 1983.",en,https://en.wikipedia.org/wiki/Sue_Roberts_(powerlifter),Female powerlifters
Samira Guerioua,Algerian para powerlifter,"Samira Guerioua is an Algerian para powerlifter. She represented Algeria at the 2016, 2020, and 2024 Summer Paralympics.",en,https://en.wikipedia.org/wiki/Samira_Guerioua,Female powerlifters
Noviana Sari,Indonesian powerlifter,"Noviana Sari is an Indonesian powerlifter. She won gold medal at the 2009 World Games. In the Asian Championships, she won six gold medals, four gold medals won in a row. In the World Championships she won three silver medals and three bronze medals.",en,https://en.wikipedia.org/wiki/Noviana_Sari,Female powerlifters
Marion Serrano,Chilean Paralympic powerlifter,Marion Alejandra Serrano Guajardo is a Chilean Paralympic powerlifter.,en,https://en.wikipedia.org/wiki/Marion_Serrano,Female powerlifters
Mariana Shevchuk,Ukrainian Paralympic powerlifter,"Mariana Shevchuk is a Ukrainian Paralympic powerlifter. She won the gold medal in the women's 55 kg at the 2020 Summer Paralympics held in Tokyo, Japan. A few months later, she won the gold medal in her event at the 2021 World Para Powerlifting Championships held in Tbilisi, Georgia. At this event, she also set a new world record of 133.5 kg.",en,https://en.wikipedia.org/wiki/Mariana_Shevchuk,Female powerlifters
Shi Shanshan,Chinese Paralympic powerlifter,"Shi Shanshan is a Chinese Paralympic powerlifter. She represented China at the 2008 Summer Paralympics, at the 2012 Summer Paralympics and at the 2016 Summer Paralympics and she won the bronze medal in the women's 48 kg event in 2012.",en,https://en.wikipedia.org/wiki/Shi_Shanshan,Female powerlifters
Svetlana Shimkova,Russian weightlifter (born 1983),Svetlana Shimkova is a Russian weightlifter.,en,https://en.wikipedia.org/wiki/Svetlana_Shimkova,Female powerlifters
K. Siji,,"K. Siji is the first lady Daffadar in Kerala. She was appointed as Daffadar in November 2024, at the time of working at Alappuzha Collectorate, as senior office attendant. She was an international Powerlifting star and she has achieved G. V. Raja Award for Indian sports people.",en,https://en.wikipedia.org/wiki/K._Siji,Female powerlifters
Agata Sitko,Polish powerlifter,"Agata Sitko is a Polish heavyweight powerlifter, competing in the IPF. Despite being a junior, she has won the World Games in 2022 as a Heavyweight, the 2024 and 2025 SBD Sheffield Powerlifting Championships, the IPF World Equipped Championships in 2021, and the World Classic Championships in 2024 and 2025.",en,https://en.wikipedia.org/wiki/Agata_Sitko,Female powerlifters
Leydi Solís,Colombian weightlifter (born 1990),"Leydi Yesenia Solís Arboleda is a Colombian weightlifter. She won a gold medal at the 2007 Pan American Games for her native South American country, and carried the flag at the opening ceremony. Solís represented Colombia at the 2008 Summer Olympics in Beijing, China, finishing in fourth place in her weight division. She won the – 69 kg gold medal in snatch and clean & jerk during the 2014 Pan Ame",en,https://en.wikipedia.org/wiki/Leydi_Sol%C3%ADs,Female powerlifters
Sri Hartati,Indonesian powerlifter,"Sri Hartati is an Indonesian powerlifter. She won seven gold medals at the World Championships. In 2018, she broke the world record. The record that Sri Hartati made was a total lift of 565 kg.",en,https://en.wikipedia.org/wiki/Sri_Hartati,Female powerlifters
